URBAN CBSAs AND CONSTITUENT COUNTIES FOR ACUTE CARE HOSPITALS—FY 2017; BASED ON PROPOSED FY 2017 CBSA DELINEATIONS			
CBSA Code	Urban Area		
	(Constituent Counties)		
10180	"Abilene, TX"		
	"Callahan County, TX"		
	"Jones County, TX"		
	"Taylor County, TX"		
10380	"Aguadilla-Isabela, PR"		
	"Aguada Municipio, PR"		
	"Aguadilla Municipio, PR"		
	"Añasco Municipio, PR"		
	"Isabela Municipio, PR"		
	"Lares Municipio, PR"		
	"Moca Municipio, PR"		
	"Rincón Municipio, PR"		
	"San Sebastián Municipio, PR"		
	"Utuado Municipio, PR"		
10420	"Akron, OH"		
	"Portage County, OH"		
	"Summit County, OH"		
10500	"Albany, GA"		
	"Baker County, GA"		
	"Dougherty County, GA"		
	"Lee County, GA"		
	"Terrell County, GA"		
	"Worth County, GA"		
10540	"Albany, OR"		
	"Linn County, OR"		
10580	"Albany-Schenectady-Troy, NY"		
	"Albany County, NY"		
	"Rensselaer County, NY"		
	"Saratoga County, NY"		
	"Schenectady County, NY"		
	"Schoharie County, NY"		
10740	"Albuquerque, NM"		
	"Bernalillo County, NM"		
	"Sandoval County, NM"		
	"Torrance County, NM"		
	"Valencia County, NM"		
10780	"Alexandria, LA"		
	"Grant Parish, LA"		
	"Rapides Parish, LA"		
10900	"Allentown-Bethlehem-Easton, PA-NJ"		
	"Warren County, NJ"		
	"Carbon County, PA"		
	"Lehigh County, PA"		
	"Northampton County, PA"		
11020	"Altoona, PA"		
	"Blair County, PA"		
11100	"Amarillo, TX"		
	"Armstrong County, TX"		
	"Carson County, TX"		
	"Oldham County, TX"		
	"Potter County, TX"		
	"Randall County, TX"		
11180	"Ames, IA"		
	"Story County, IA"		
11244	"1Anaheim-Santa Ana-Irvine, CA"		
	"Orange County, CA"		
11260	"Anchorage, AK"		
	"Anchorage Municipality, AK"		
	"Matanuska-Susitna Borough, AK"		
11460	"Ann Arbor, MI"		
	"Washtenaw County, MI"		
11500	"Anniston-Oxford-Jacksonville, AL"		
	"Calhoun County, AL"		
11540	"Appleton, WI"		
	"Calumet County, WI"		
	"Outagamie County, WI"		
11640	"Arecibo, PR"		
	"Arecibo Municipio, PR"		
	"Camuy Municipio, PR"		
	"Hatillo Municipio, PR"		
	"Quebradillas Municipio, PR"		
11700	"Asheville, NC"		
	"Buncombe County, NC"		
	"Haywood County, NC"		
	"Henderson County, NC"		
	"Madison County, NC"		
12020	"Athens-Clarke County, GA"		
	"Clarke County, GA"		
	"Madison County, GA"		
	"Oconee County, GA"		
	"Oglethorpe County, GA"		
12060	"1Atlanta-Sandy Springs-Roswell, GA"		
	"Barrow County, GA"		
	"Bartow County, GA"		
	"Butts County, GA"		
	"Carroll County, GA"		
	"Cherokee County, GA"		
	"Clayton County, GA"		
	"Cobb County, GA"		
	"Coweta County, GA"		
	"Dawson County, GA"		
	"DeKalb County, GA"		
	"Douglas County, GA"		
	"Fayette County, GA"		
	"Forsyth County, GA"		
	"Fulton County, GA"		
	"Gwinnett County, GA"		
	"Haralson County, GA"		
	"Heard County, GA"		
	"Henry County, GA"		
	"Jasper County, GA"		
	"Lamar County, GA"		
	"Meriwether County, GA"		
	"Morgan County, GA"		
	"Newton County, GA"		
	"Paulding County, GA"		
	"Pickens County, GA"		
	"Pike County, GA"		
	"Rockdale County, GA"		
	"Spalding County, GA"		
	"Walton County, GA"		
12100	"Atlantic City-Hammonton, NJ"		
	"Atlantic County, NJ"		
12220	"Auburn-Opelika, AL"		
	"Lee County, AL"		
12260	"Augusta-Richmond County, GA-SC"		
	"Burke County, GA"		
	"Columbia County, GA"		
	"Lincoln County, GA"		
	"McDuffie County, GA"		
	"Richmond County, GA"		
	"Aiken County, SC"		
	"Edgefield County, SC"		
12420	"1Austin-Round Rock, TX"		
	"Bastrop County, TX"		
	"Caldwell County, TX"		
	"Hays County, TX"		
	"Travis County, TX"		
	"Williamson County, TX"		
12540	"Bakersfield, CA"		
	"Kern County, CA"		
12580	"1Baltimore-Columbia-Towson, MD"		
	"Anne Arundel County, MD"		
	"Baltimore County, MD"		
	"Carroll County, MD"		
	"Harford County, MD"		
	"Howard County, MD"		
	"Queen Anne's County, MD"		
	"Baltimore City, MD"		
12620	"Bangor, ME"		
	"Penobscot County, ME"		
12700	"Barnstable Town, MA"		
	"Barnstable County, MA"		
12940	"Baton Rouge, LA"		
	"Ascension Parish, LA"		
	"East Baton Rouge Parish, LA"		
	"East Feliciana Parish, LA"		
	"Iberville Parish, LA"		
	"Livingston Parish, LA"		
	"Pointe Coupee Parish, LA"		
	"St. Helena Parish, LA"		
	"West Baton Rouge Parish, LA"		
	"West Feliciana Parish, LA"		
12980	"Battle Creek, MI"		
	"Calhoun County, MI"		
13020	"Bay City, MI"		
	"Bay County, MI"		
13140	"Beaumont-Port Arthur, TX"		
	"Hardin County, TX"		
	"Jefferson County, TX"		
	"Newton County, TX"		
	"Orange County, TX"		
13220	"Beckley, WV"		
	"Fayette County, WV"		
	"Raleigh County, WV"		
13380	"Bellingham, WA"		
	"Whatcom County, WA"		
13460	"Bend-Redmond, OR"		
	"Deschutes County, OR"		
13740	"Billings, MT"		
	"Carbon County, MT"		
	"Golden Valley County, MT"		
	"Yellowstone County, MT"		
13780	"Binghamton, NY"		
	"Broome County, NY"		
	"Tioga County, NY"		
13820	"1Birmingham-Hoover, AL"		
	"Bibb County, AL"		
	"Blount County, AL"		
	"Chilton County, AL"		
	"Jefferson County, AL"		
	"St. Clair County, AL"		
	"Shelby County, AL"		
	"Walker County, AL"		
13900	"Bismarck, ND"		
	"Burleigh County, ND"		
	"Morton County, ND"		
	"Oliver County, ND"		
	"Sioux County, ND"		
13980	"Blacksburg-Christiansburg-Radford, VA"		
	"Floyd County, VA"		
	"Giles County, VA"		
	"Montgomery County, VA"		
	"Pulaski County, VA"		
	"Radford City, VA"		
14010	"Bloomington, IL"		
	"De Witt County, IL"		
	"McLean County, IL"		
14020	"Bloomington, IN"		
	"Monroe County, IN"		
	"Owen County, IN"		
14100	"Bloomsburg-Berwick, PA"		
	"Columbia County, PA"		
	"Montour County, PA"		
14260	"Boise City, ID"		
	"Ada County, ID"		
	"Boise County, ID"		
	"Canyon County, ID"		
	"Gem County, ID"		
	"Owyhee County, ID"		
14454	"1Boston, MA"		
	"Norfolk County, MA"		
	"Plymouth County, MA"		
	"Suffolk County, MA"		
14500	"Boulder, CO"		
	"Boulder County, CO"		
14540	"Bowling Green, KY"		
	"Allen County, KY"		
	"Butler County, KY"		
	"Edmonson County, KY"		
	"Warren County, KY"		
14740	"Bremerton-Silverdale, WA"		
	"Kitsap County, WA"		
14860	"Bridgeport-Stamford-Norwalk, CT"		
	"Fairfield County, CT"		
15180	"Brownsville-Harlingen, TX"		
	"Cameron County, TX"		
15260	"Brunswick, GA"		
	"Brantley County, GA"		
	"Glynn County, GA"		
	"McIntosh County, GA"		
15380	"1Buffalo-Cheektowaga-Niagara Falls, NY"		
	"Erie County, NY"		
	"Niagara County, NY"		
15500	"Burlington, NC"		
	"Alamance County, NC"		
15540	"Burlington-South Burlington, VT"		
	"Chittenden County, VT"		
	"Franklin County, VT"		
	"Grand Isle County, VT"		
15680	"California-Lexington Park, MD"		
	"St. Mary's County, MD"		
15764	"1Cambridge-Newton-Framingham, MA"		
	"Essex County, MA"		
	"Middlesex County, MA"		
15804	"1Camden, NJ"		
	"Burlington County, NJ"		
	"Camden County, NJ"		
	"Gloucester County, NJ"		
15940	"Canton-Massillon, OH"		
	"Carroll County, OH"		
	"Stark County, OH"		
15980	"Cape Coral-Fort Myers, FL"		
	"Lee County, FL"		
16020	"Cape Girardeau, MO-IL"		
	"Alexander County, IL"		
	"Bollinger County, MO"		
	"Cape Girardeau County, MO"		
16060	"Carbondale-Marion, IL"		
	"Jackson County, IL"		
	"Williamson County, IL"		
16180	"Carson City, NV"		
	"Carson City, NV"		
16220	"Casper, WY"		
	"Natrona County, WY"		
16300	"Cedar Rapids, IA"		
	"Benton County, IA"		
	"Jones County, IA"		
	"Linn County, IA"		
16540	"Chambersburg-Waynesboro, PA"		
	"Franklin County, PA"		
16580	"Champaign-Urbana, IL"		
	"Champaign County, IL"		
	"Ford County, IL"		
	"Piatt County, IL"		
16620	"Charleston, WV"		
	"Boone County, WV"		
	"Clay County, WV"		
	"Kanawha County, WV"		
16700	"Charleston-North Charleston, SC"		
	"Berkeley County, SC"		
	"Charleston County, SC"		
	"Dorchester County, SC"		
16740	"1Charlotte-Concord-Gastonia, NC-SC"		
	"Cabarrus County, NC"		
	"Gaston County, NC"		
	"Iredell County, NC"		
	"Lincoln County, NC"		
	"Mecklenburg County, NC"		
	"Rowan County, NC"		
	"Stanly County, NC"		
	"Union County, NC"		
	"Chester County, SC"		
	"Lancaster County, SC"		
	"York County, SC"		
16820	"Charlottesville, VA"		
	"Albemarle County, VA"		
	"Buckingham County, VA"		
	"Fluvanna County, VA"		
	"Greene County, VA"		
	"Nelson County, VA"		
	"Charlottesville City, VA"		
16860	"Chattanooga, TN-GA"		
	"Catoosa County, GA"		
	"Dade County, GA"		
	"Walker County, GA"		
	"Hamilton County, TN"		
	"Marion County, TN"		
	"Sequatchie County, TN"		
16940	"Cheyenne, WY"		
	"Laramie County, WY"		
16974	"1Chicago-Naperville-Arlington Heights, IL"		
	"Cook County, IL"		
	"DuPage County, IL"		
	"Grundy County, IL"		
	"Kendall County, IL"		
	"McHenry County, IL"		
	"Will County, IL"		
17020	"Chico, CA"		
	"Butte County, CA"		
17140	"1Cincinnati, OH-KY-IN"		
	"Dearborn County, IN"		
	"Ohio County, IN"		
	"Union County, IN"		
	"Boone County, KY"		
	"Bracken County, KY"		
	"Campbell County, KY"		
	"Gallatin County, KY"		
	"Grant County, KY"		
	"Kenton County, KY"		
	"Pendleton County, KY"		
	"Brown County, OH"		
	"Butler County, OH"		
	"Clermont County, OH"		
	"Hamilton County, OH"		
	"Warren County, OH"		
17300	"Clarksville, TN-KY"		
	"Christian County, KY"		
	"Trigg County, KY"		
	"Montgomery County, TN"		
17420	"Cleveland, TN"		
	"Bradley County, TN"		
	"Polk County, TN"		
17460	"1Cleveland-Elyria, OH"		
	"Cuyahoga County, OH"		
	"Geauga County, OH"		
	"Lake County, OH"		
	"Lorain County, OH"		
	"Medina County, OH"		
17660	"Coeur d'Alene, ID"		
	"Kootenai County, ID"		
17780	"College Station-Bryan, TX"		
	"Brazos County, TX"		
	"Burleson County, TX"		
	"Robertson County, TX"		
17820	"Colorado Springs, CO"		
	"El Paso County, CO"		
	"Teller County, CO"		
17860	"Columbia, MO"		
	"Boone County, MO"		
17900	"Columbia, SC"		
	"Calhoun County, SC"		
	"Fairfield County, SC"		
	"Kershaw County, SC"		
	"Lexington County, SC"		
	"Richland County, SC"		
	"Saluda County, SC"		
17980	"Columbus, GA-AL"		
	"Russell County, AL"		
	"Chattahoochee County, GA"		
	"Harris County, GA"		
	"Marion County, GA"		
	"Muscogee County, GA"		
18020	"Columbus, IN"		
	"Bartholomew County, IN"		
18140	"1Columbus, OH"		
	"Delaware County, OH"		
	"Fairfield County, OH"		
	"Franklin County, OH"		
	"Hocking County, OH"		
	"Licking County, OH"		
	"Madison County, OH"		
	"Morrow County, OH"		
	"Perry County, OH"		
	"Pickaway County, OH"		
	"Union County, OH"		
18580	"Corpus Christi, TX"		
	"Aransas County, TX"		
	"Nueces County, TX"		
	"San Patricio County, TX"		
18700	"Corvallis, OR"		
	"Benton County, OR"		
18880	"Crestview-Fort Walton Beach-Destin, FL"		
	"Okaloosa County, FL"		
	"Walton County, FL"		
19060	"Cumberland, MD-WV"		
	"Allegany County, MD"		
	"Mineral County, WV"		
19124	"1Dallas-Plano-Irving, TX"		
	"Collin County, TX"		
	"Dallas County, TX"		
	"Denton County, TX"		
	"Ellis County, TX"		
	"Hunt County, TX"		
	"Kaufman County, TX"		
	"Rockwall County, TX"		
19140	"Dalton, GA"		
	"Murray County, GA"		
	"Whitfield County, GA"		
19180	"Danville, IL"		
	"Vermilion County, IL"		
19300	"Daphne-Fairhope-Foley, AL"		
	"Baldwin County, AL"		
19340	"Davenport-Moline-Rock Island, IA-IL"		
	"Henry County, IL"		
	"Mercer County, IL"		
	"Rock Island County, IL"		
	"Scott County, IA"		
19380	"Dayton, OH"		
	"Greene County, OH"		
	"Miami County, OH"		
	"Montgomery County, OH"		
19460	"Decatur, AL"		
	"Lawrence County, AL"		
	"Morgan County, AL"		
19500	"Decatur, IL"		
	"Macon County, IL"		
19660	"Deltona-Daytona Beach-Ormond Beach, FL"		
	"Flagler County, FL"		
	"Volusia County, FL"		
19740	"1Denver-Aurora-Lakewood, CO"		
	"Adams County, CO"		
	"Arapahoe County, CO"		
	"Broomfield County, CO"		
	"Clear Creek County, CO"		
	"Denver County, CO"		
	"Douglas County, CO"		
	"Elbert County, CO"		
	"Gilpin County, CO"		
	"Jefferson County, CO"		
	"Park County, CO"		
19780	"Des Moines-West Des Moines, IA"		
	"Dallas County, IA"		
	"Guthrie County, IA"		
	"Madison County, IA"		
	"Polk County, IA"		
	"Warren County, IA"		
19804	"1Detroit-Dearborn-Livonia, MI"		
	"Wayne County, MI"		
20020	"Dothan, AL"		
	"Geneva County, AL"		
	"Henry County, AL"		
	"Houston County, AL"		
20100	"Dover, DE"		
	"Kent County, DE"		
20220	"Dubuque, IA"		
	"Dubuque County, IA"		
20260	"Duluth, MN-WI"		
	"Carlton County, MN"		
	"St. Louis County, MN"		
	"Douglas County, WI"		
20500	"Durham-Chapel Hill, NC"		
	"Chatham County, NC"		
	"Durham County, NC"		
	"Orange County, NC"		
	"Person County, NC"		
20524	"Dutchess County-Putnam County, NY"		
	"Dutchess County, NY"		
	"Putnam County, NY"		
20700	"East Stroudsburg, PA"		
	"Monroe County, PA"		
20740	"Eau Claire, WI"		
	"Chippewa County, WI"		
	"Eau Claire County, WI"		
20940	"El Centro, CA"		
	"Imperial County, CA"		
20994	"Elgin, IL"		
	"DeKalb County, IL"		
	"Kane County, IL"		
21060	"Elizabethtown-Fort Knox, KY"		
	"Hardin County, KY"		
	"Larue County, KY"		
	"Meade County, KY"		
21140	"Elkhart-Goshen, IN"		
	"Elkhart County, IN"		
21300	"Elmira, NY"		
	"Chemung County, NY"		
21340	"El Paso, TX"		
	"El Paso County, TX"		
	"Hudspeth County, TX"		
21420	"Enid, OK"		
	"Garfield County, OK"		
21500	"Erie, PA"		
	"Erie County, PA"		
21660	"Eugene, OR"		
	"Lane County, OR"		
21780	"Evansville, IN-KY"		
	"Posey County, IN"		
	"Vanderburgh County, IN"		
	"Warrick County, IN"		
	"Henderson County, KY"		
21820	"Fairbanks, AK"		
	"Fairbanks North Star Borough, AK"		
22020	"Fargo, ND-MN"		
	"Clay County, MN"		
	"Cass County, ND"		
22140	"Farmington, NM"		
	"San Juan County, NM"		
22180	"Fayetteville, NC"		
	"Cumberland County, NC"		
	"Hoke County, NC"		
22220	"Fayetteville-Springdale-Rogers, AR-MO"		
	"Benton County, AR"		
	"Madison County, AR"		
	"Washington County, AR"		
	"McDonald County, MO"		
22380	"Flagstaff, AZ"		
	"Coconino County, AZ"		
22420	"Flint, MI"		
	"Genesee County, MI"		
22500	"Florence, SC"		
	"Darlington County, SC"		
	"Florence County, SC"		
22520	"Florence-Muscle Shoals, AL"		
	"Colbert County, AL"		
	"Lauderdale County, AL"		
22540	"Fond du Lac, WI"		
	"Fond du Lac County, WI"		
22660	"Fort Collins, CO"		
	"Larimer County, CO"		
22744	"1Fort Lauderdale-Pompano Beach-Deerfield Beach, FL"		
	"Broward County, FL"		
22900	"Fort Smith, AR-OK"		
	"Crawford County, AR"		
	"Sebastian County, AR"		
	"Le Flore County, OK"		
	"Sequoyah County, OK"		
23060	"Fort Wayne, IN"		
	"Allen County, IN"		
	"Wells County, IN"		
	"Whitley County, IN"		
23104	"1Fort Worth-Arlington, TX"		
	"Hood County, TX"		
	"Johnson County, TX"		
	"Parker County, TX"		
	"Somervell County, TX"		
	"Tarrant County, TX"		
	"Wise County, TX"		
23420	"Fresno, CA"		
	"Fresno County, CA"		
23460	"Gadsden, AL"		
	"Etowah County, AL"		
23540	"Gainesville, FL"		
	"Alachua County, FL"		
	"Gilchrist County, FL"		
23580	"Gainesville, GA"		
	"Hall County, GA"		
23844	"Gary, IN"		
	"Jasper County, IN"		
	"Lake County, IN"		
	"Newton County, IN"		
	"Porter County, IN"		
23900	"Gettysburg, PA"		
	"Adams County, PA"		
24020	"Glens Falls, NY"		
	"Warren County, NY"		
	"Washington County, NY"		
24140	"Goldsboro, NC"		
	"Wayne County, NC"		
24220	"Grand Forks, ND-MN"		
	"Polk County, MN"		
	"Grand Forks County, ND"		
24260	"Grand Island, NE"		
	"Hall County, NE"		
	"Hamilton County, NE"		
	"Howard County, NE"		
	"Merrick County, NE"		
24300	"Grand Junction, CO"		
	"Mesa County, CO"		
24340	"Grand Rapids-Wyoming, MI"		
	"Barry County, MI"		
	"Kent County, MI"		
	"Montcalm County, MI"		
	"Ottawa County, MI"		
24420	"Grants Pass, OR"		
	"Josephine County, OR"		
24500	"Great Falls, MT"		
	"Cascade County, MT"		
24540	"Greeley, CO"		
	"Weld County, CO"		
24580	"Green Bay, WI"		
	"Brown County, WI"		
	"Kewaunee County, WI"		
	"Oconto County, WI"		
24660	"Greensboro-High Point, NC"		
	"Guilford County, NC"		
	"Randolph County, NC"		
	"Rockingham County, NC"		
24780	"Greenville, NC"		
	"Pitt County, NC"		
24860	"Greenville-Anderson-Mauldin, SC"		
	"Anderson County, SC"		
	"Greenville County, SC"		
	"Laurens County, SC"		
	"Pickens County, SC"		
25020	"Guayama, PR"		
	"Arroyo Municipio, PR"		
	"Guayama Municipio, PR"		
	"Patillas Municipio, PR"		
25060	"Gulfport-Biloxi-Pascagoula, MS"		
	"Hancock County, MS"		
	"Harrison County, MS"		
	"Jackson County, MS"		
25180	"Hagerstown-Martinsburg, MD-WV"		
	"Washington County, MD"		
	"Berkeley County, WV"		
25220	"Hammond, LA"		
	"Tangipahoa Parish, LA"		
25260	"Hanford-Corcoran, CA"		
	"Kings County, CA"		
25420	"Harrisburg-Carlisle, PA"		
	"Cumberland County, PA"		
	"Dauphin County, PA"		
	"Perry County, PA"		
25500	"Harrisonburg, VA"		
	"Rockingham County, VA"		
	"Harrisonburg City, VA"		
25540	"1Hartford-West Hartford-East Hartford, CT"		
	"Hartford County, CT"		
	"Middlesex County, CT"		
	"Tolland County, CT"		
25620	"Hattiesburg, MS"		
	"Forrest County, MS"		
	"Lamar County, MS"		
	"Perry County, MS"		
25860	"Hickory-Lenoir-Morganton, NC"		
	"Alexander County, NC"		
	"Burke County, NC"		
	"Caldwell County, NC"		
	"Catawba County, NC"		
25940	"Hilton Head Island-Bluffton-Beaufort, SC"		
	"Beaufort County, SC"		
	"Jasper County, SC"		
25980	"Hinesville, GA"		
	"Liberty County, GA"		
	"Long County, GA"		
26140	"Homosassa Springs, FL"		
	"Citrus County, FL"		
26300	"Hot Springs, AR"		
	"Garland County, AR"		
26380	"Houma-Thibodaux, LA"		
	"Lafourche Parish, LA"		
	"Terrebonne Parish, LA"		
26420	"1Houston-The Woodlands-Sugar Land, TX"		
	"Austin County, TX"		
	"Brazoria County, TX"		
	"Chambers County, TX"		
	"Fort Bend County, TX"		
	"Galveston County, TX"		
	"Harris County, TX"		
	"Liberty County, TX"		
	"Montgomery County, TX"		
	"Waller County, TX"		
26580	"Huntington-Ashland, WV-KY-OH"		
	"Boyd County, KY"		
	"Greenup County, KY"		
	"Lawrence County, OH"		
	"Cabell County, WV"		
	"Lincoln County, WV"		
	"Putnam County, WV"		
	"Wayne County, WV"		
26620	"Huntsville, AL"		
	"Limestone County, AL"		
	"Madison County, AL"		
26820	"Idaho Falls, ID"		
	"Bonneville County, ID"		
	"Butte County, ID"		
	"Jefferson County, ID"		
26900	"1Indianapolis-Carmel-Anderson, IN"		
	"Boone County, IN"		
	"Brown County, IN"		
	"Hamilton County, IN"		
	"Hancock County, IN"		
	"Hendricks County, IN"		
	"Johnson County, IN"		
	"Madison County, IN"		
	"Marion County, IN"		
	"Morgan County, IN"		
	"Putnam County, IN"		
	"Shelby County, IN"		
26980	"Iowa City, IA"		
	"Johnson County, IA"		
	"Washington County, IA"		
27060	"Ithaca, NY"		
	"Tompkins County, NY"		
27100	"Jackson, MI"		
	"Jackson County, MI"		
27140	"Jackson, MS"		
	"Copiah County, MS"		
	"Hinds County, MS"		
	"Madison County, MS"		
	"Rankin County, MS"		
	"Simpson County, MS"		
	"Yazoo County, MS"		
27180	"Jackson, TN"		
	"Chester County, TN"		
	"Crockett County, TN"		
	"Madison County, TN"		
27260	"1Jacksonville, FL"		
	"Baker County, FL"		
	"Clay County, FL"		
	"Duval County, FL"		
	"Nassau County, FL"		
	"St. Johns County, FL"		
27340	"Jacksonville, NC"		
	"Onslow County, NC"		
27500	"Janesville-Beloit, WI"		
	"Rock County, WI"		
27620	"Jefferson City, MO"		
	"Callaway County, MO"		
	"Cole County, MO"		
	"Moniteau County, MO"		
	"Osage County, MO"		
27740	"Johnson City, TN"		
	"Carter County, TN"		
	"Unicoi County, TN"		
	"Washington County, TN"		
27780	"Johnstown, PA"		
	"Cambria County, PA"		
27860	"Jonesboro, AR"		
	"Craighead County, AR"		
	"Poinsett County, AR"		
27900	"Joplin, MO"		
	"Jasper County, MO"		
	"Newton County, MO"		
27980	"Kahului-Wailuku-Lahaina, HI"		
	"Kalawao County, HI"		
	"Maui County, HI"		
28020	"Kalamazoo-Portage, MI"		
	"Kalamazoo County, MI"		
	"Van Buren County, MI"		
28100	"Kankakee, IL"		
	"Kankakee County, IL"		
28140	"1Kansas City, MO-KS"		
	"Johnson County, KS"		
	"Leavenworth County, KS"		
	"Linn County, KS"		
	"Miami County, KS"		
	"Wyandotte County, KS"		
	"Bates County, MO"		
	"Caldwell County, MO"		
	"Cass County, MO"		
	"Clay County, MO"		
	"Clinton County, MO"		
	"Jackson County, MO"		
	"Lafayette County, MO"		
	"Platte County, MO"		
	"Ray County, MO"		
28420	"Kennewick-Richland, WA"		
	"Benton County, WA"		
	"Franklin County, WA"		
28660	"Killeen-Temple, TX"		
	"Bell County, TX"		
	"Coryell County, TX"		
	"Lampasas County, TX"		
28700	"Kingsport-Bristol-Bristol, TN-VA"		
	"Hawkins County, TN"		
	"Sullivan County, TN"		
	"Scott County, VA"		
	"Washington County, VA"		
	"Bristol City, VA"		
28740	"Kingston, NY"		
	"Ulster County, NY"		
28940	"Knoxville, TN"		
	"Anderson County, TN"		
	"Blount County, TN"		
	"Campbell County, TN"		
	"Grainger County, TN"		
	"Knox County, TN"		
	"Loudon County, TN"		
	"Morgan County, TN"		
	"Roane County, TN"		
	"Union County, TN"		
29020	"Kokomo, IN"		
	"Howard County, IN"		
29100	"La Crosse-Onalaska, WI-MN"		
	"Houston County, MN"		
	"La Crosse County, WI"		
29180	"Lafayette, LA"		
	"Acadia Parish, LA"		
	"Iberia Parish, LA"		
	"Lafayette Parish, LA"		
	"St. Martin Parish, LA"		
	"Vermilion Parish, LA"		
29200	"Lafayette-West Lafayette, IN"		
	"Benton County, IN"		
	"Carroll County, IN"		
	"Tippecanoe County, IN"		
29340	"Lake Charles, LA"		
	"Calcasieu Parish, LA"		
	"Cameron Parish, LA"		
29404	"Lake County-Kenosha County, IL-WI"		
	"Lake County, IL"		
	"Kenosha County, WI"		
29420	"Lake Havasu City-Kingman, AZ"		
	"Mohave County, AZ"		
29460	"Lakeland-Winter Haven, FL"		
	"Polk County, FL"		
29540	"Lancaster, PA"		
	"Lancaster County, PA"		
29620	"Lansing-East Lansing, MI"		
	"Clinton County, MI"		
	"Eaton County, MI"		
	"Ingham County, MI"		
29700	"Laredo, TX"		
	"Webb County, TX"		
29740	"Las Cruces, NM"		
	"Doña Ana County, NM"		
29820	"1Las Vegas-Henderson-Paradise, NV"		
	"Clark County, NV"		
29940	"Lawrence, KS"		
	"Douglas County, KS"		
30020	"Lawton, OK"		
	"Comanche County, OK"		
	"Cotton County, OK"		
30140	"Lebanon, PA"		
	"Lebanon County, PA"		
30300	"Lewiston, ID-WA"		
	"Nez Perce County, ID"		
	"Asotin County, WA"		
30340	"Lewiston-Auburn, ME"		
	"Androscoggin County, ME"		
30460	"Lexington-Fayette, KY"		
	"Bourbon County, KY"		
	"Clark County, KY"		
	"Fayette County, KY"		
	"Jessamine County, KY"		
	"Scott County, KY"		
	"Woodford County, KY"		
30620	"Lima, OH"		
	"Allen County, OH"		
30700	"Lincoln, NE"		
	"Lancaster County, NE"		
	"Seward County, NE"		
30780	"Little Rock-North Little Rock-Conway, AR"		
	"Faulkner County, AR"		
	"Grant County, AR"		
	"Lonoke County, AR"		
	"Perry County, AR"		
	"Pulaski County, AR"		
	"Saline County, AR"		
30860	"Logan, UT-ID"		
	"Franklin County, ID"		
	"Cache County, UT"		
30980	"Longview, TX"		
	"Gregg County, TX"		
	"Rusk County, TX"		
	"Upshur County, TX"		
31020	"Longview, WA"		
	"Cowlitz County, WA"		
31084	"1Los Angeles-Long Beach-Glendale, CA"		
	"Los Angeles County, CA"		
31140	"1Louisville/Jefferson County, KY-IN"		
	"Clark County, IN"		
	"Floyd County, IN"		
	"Harrison County, IN"		
	"Scott County, IN"		
	"Washington County, IN"		
	"Bullitt County, KY"		
	"Henry County, KY"		
	"Jefferson County, KY"		
	"Oldham County, KY"		
	"Shelby County, KY"		
	"Spencer County, KY"		
	"Trimble County, KY"		
31180	"Lubbock, TX"		
	"Crosby County, TX"		
	"Lubbock County, TX"		
	"Lynn County, TX"		
31340	"Lynchburg, VA"		
	"Amherst County, VA"		
	"Appomattox County, VA"		
	"Bedford County, VA"		
	"Campbell County, VA"		
	"Bedford City, VA"		
	"Lynchburg City, VA"		
31420	"Macon Bibb County, GA"		
	"Bibb County, GA"		
	"Crawford County, GA"		
	"Jones County, GA"		
	"Monroe County, GA"		
	"Twiggs County, GA"		
31460	"Madera, CA"		
	"Madera County, CA"		
31540	"Madison, WI"		
	"Columbia County, WI"		
	"Dane County, WI"		
	"Green County, WI"		
	"Iowa County, WI"		
31700	"Manchester-Nashua, NH"		
	"Hillsborough County, NH"		
31740	"Manhattan, KS"		
	"Pottawatomie County, KS"		
	"Riley County, KS"		
31860	"Mankato-North Mankato, MN"		
	"Blue Earth County, MN"		
	"Nicollet County, MN"		
31900	"Mansfield, OH"		
	"Richland County, OH"		
32420	"Mayagüez, PR"		
	"Hormigueros Municipio, PR"		
	"Mayagüez Municipio, PR"		
32580	"McAllen-Edinburg-Mission, TX"		
	"Hidalgo County, TX"		
32780	"Medford, OR"		
	"Jackson County, OR"		
32820	"1Memphis, TN-MS-AR"		
	"Crittenden County, AR"		
	"Benton County, MS"		
	"DeSoto County, MS"		
	"Marshall County, MS"		
	"Tate County, MS"		
	"Tunica County, MS"		
	"Fayette County, TN"		
	"Shelby County, TN"		
	"Tipton County, TN"		
32900	"Merced, CA"		
	"Merced County, CA"		
33124	"1Miami-Miami Beach-Kendall, FL"		
	"Miami-Dade County, FL"		
33140	"Michigan City-La Porte, IN"		
	"LaPorte County, IN"		
33220	"Midland, MI"		
	"Midland County, MI"		
33260	"Midland, TX"		
	"Martin County, TX"		
	"Midland County, TX"		
33340	"1Milwaukee-Waukesha-West Allis, WI"		
	"Milwaukee County, WI"		
	"Ozaukee County, WI"		
	"Washington County, WI"		
	"Waukesha County, WI"		
33460	"1Minneapolis-St. Paul-Bloomington, MN-WI"		
	"Anoka County, MN"		
	"Carver County, MN"		
	"Chisago County, MN"		
	"Dakota County, MN"		
	"Hennepin County, MN"		
	"Isanti County, MN"		
	"Le Sueur County, MN"		
	"Mille Lacs County, MN"		
	"Ramsey County, MN"		
	"Scott County, MN"		
	"Sherburne County, MN"		
	"Sibley County, MN"		
	"Washington County, MN"		
	"Wright County, MN"		
	"Pierce County, WI"		
	"St. Croix County, WI"		
33540	"Missoula, MT"		
	"Missoula County, MT"		
33660	"Mobile, AL"		
	"Mobile County, AL"		
33700	"Modesto, CA"		
	"Stanislaus County, CA"		
33740	"Monroe, LA"		
	"Ouachita Parish, LA"		
	"Union Parish, LA"		
33780	"Monroe, MI"		
	"Monroe County, MI"		
33860	"Montgomery, AL"		
	"Autauga County, AL"		
	"Elmore County, AL"		
	"Lowndes County, AL"		
	"Montgomery County, AL"		
33874	"1Montgomery County-Bucks County-Chester County, PA"		
	"Bucks County, PA"		
	"Chester County, PA"		
	"Montgomery County, PA"		
34060	"Morgantown, WV"		
	"Monongalia County, WV"		
	"Preston County, WV"		
34100	"Morristown, TN"		
	"Hamblen County, TN"		
	"Jefferson County, TN"		
34580	"Mount Vernon-Anacortes, WA"		
	"Skagit County, WA"		
34620	"Muncie, IN"		
	"Delaware County, IN"		
34740	"Muskegon, MI"		
	"Muskegon County, MI"		
34820	"Myrtle Beach-Conway-North Myrtle Beach, SC-NC"		
	"Brunswick County, NC"		
	"Horry County, SC"		
34900	"Napa, CA"		
	"Napa County, CA"		
34940	"Naples-Immokalee-Marco Island, FL"		
	"Collier County, FL"		
34980	"1Nashville-Davidson--Murfreesboro--Franklin, TN"		
	"Cannon County, TN"		
	"Cheatham County, TN"		
	"Davidson County, TN"		
	"Dickson County, TN"		
	"Hickman County, TN"		
	"Macon County, TN"		
	"Maury County, TN"		
	"Robertson County, TN"		
	"Rutherford County, TN"		
	"Smith County, TN"		
	"Sumner County, TN"		
	"Trousdale County, TN"		
	"Williamson County, TN"		
	"Wilson County, TN"		
35004	"1Nassau County-Suffolk County, NY"		
	"Nassau County, NY"		
	"Suffolk County, NY"		
35084	"1Newark, NJ-PA"		
	"Essex County, NJ"		
	"Hunterdon County, NJ"		
	"Morris County, NJ"		
	"Somerset County, NJ"		
	"Sussex County, NJ"		
	"Union County, NJ"		
	"Pike County, PA"		
35100	"New Bern, NC"		
	"Craven County, NC"		
	"Jones County, NC"		
	"Pamlico County, NC"		
35300	"New Haven-Milford, CT"		
	"New Haven County, CT"		
35380	"1New Orleans-Metairie, LA"		
	"Jefferson Parish, LA"		
	"Orleans Parish, LA"		
	"Plaquemines Parish, LA"		
	"St. Bernard Parish, LA"		
	"St. Charles Parish, LA"		
	"St. James Parish, LA"		
	"St. John the Baptist Parish, LA"		
	"St. Tammany Parish, LA"		
35614	"1New York-Jersey City-White Plains, NY-NJ"		
	"Bergen County, NJ"		
	"Hudson County, NJ"		
	"Middlesex County, NJ"		
	"Monmouth County, NJ"		
	"Ocean County, NJ"		
	"Passaic County, NJ"		
	"Bronx County, NY"		
	"Kings County, NY"		
	"New York County, NY"		
	"Orange County, NY"		
	"Queens County, NY"		
	"Richmond County, NY"		
	"Rockland County, NY"		
	"Westchester County, NY"		
35660	"Niles-Benton Harbor, MI"		
	"Berrien County, MI"		
35840	"North Port-Sarasota-Bradenton, FL"		
	"Manatee County, FL"		
	"Sarasota County, FL"		
35980	"Norwich-New London, CT"		
	"New London County, CT"		
36084	"1Oakland-Hayward-Berkeley, CA"		
	"Alameda County, CA"		
	"Contra Costa County, CA"		
36100	"Ocala, FL"		
	"Marion County, FL"		
36140	"Ocean City, NJ"		
	"Cape May County, NJ"		
36220	"Odessa, TX"		
	"Ector County, TX"		
36260	"Ogden-Clearfield, UT"		
	"Box Elder County, UT"		
	"Davis County, UT"		
	"Morgan County, UT"		
	"Weber County, UT"		
36420	"1Oklahoma City, OK"		
	"Canadian County, OK"		
	"Cleveland County, OK"		
	"Grady County, OK"		
	"Lincoln County, OK"		
	"Logan County, OK"		
	"McClain County, OK"		
	"Oklahoma County, OK"		
36500	"Olympia-Tumwater, WA"		
	"Thurston County, WA"		
36540	"Omaha-Council Bluffs, NE-IA"		
	"Harrison County, IA"		
	"Mills County, IA"		
	"Pottawattamie County, IA"		
	"Cass County, NE"		
	"Douglas County, NE"		
	"Sarpy County, NE"		
	"Saunders County, NE"		
	"Washington County, NE"		
36740	"1Orlando-Kissimmee-Sanford, FL"		
	"Lake County, FL"		
	"Orange County, FL"		
	"Osceola County, FL"		
	"Seminole County, FL"		
36780	"Oshkosh-Neenah, WI"		
	"Winnebago County, WI"		
36980	"Owensboro, KY"		
	"Daviess County, KY"		
	"Hancock County, KY"		
	"McLean County, KY"		
37100	"Oxnard-Thousand Oaks-Ventura, CA"		
	"Ventura County, CA"		
37340	"Palm Bay-Melbourne-Titusville, FL"		
	"Brevard County, FL"		
37460	"Panama City, FL"		
	"Bay County, FL"		
	"Gulf County, FL"		
37620	"Parkersburg-Vienna, WV"		
	"Wirt County, WV"		
	"Wood County, WV"		
37860	"Pensacola-Ferry Pass-Brent, FL"		
	"Escambia County, FL"		
	"Santa Rosa County, FL"		
37900	"Peoria, IL"		
	"Marshall County, IL"		
	"Peoria County, IL"		
	"Stark County, IL"		
	"Tazewell County, IL"		
	"Woodford County, IL"		
37964	"1Philadelphia, PA"		
	"Delaware County, PA"		
	"Philadelphia County, PA"		
38060	"1Phoenix-Mesa-Scottsdale, AZ"		
	"Maricopa County, AZ"		
	"Pinal County, AZ"		
38220	"Pine Bluff, AR"		
	"Cleveland County, AR"		
	"Jefferson County, AR"		
	"Lincoln County, AR"		
38300	"1Pittsburgh, PA"		
	"Allegheny County, PA"		
	"Armstrong County, PA"		
	"Beaver County, PA"		
	"Butler County, PA"		
	"Fayette County, PA"		
	"Washington County, PA"		
	"Westmoreland County, PA"		
38340	"Pittsfield, MA"		
	"Berkshire County, MA"		
38540	"Pocatello, ID"		
	"Bannock County, ID"		
38660	"Ponce, PR"		
	"Guánica Municipio, PR"		
	"Guayanilla Municipio, PR"		
	"Juana Díaz Municipio, PR"		
	"Peñuelas Municipio, PR"		
	"Ponce Municipio, PR"		
	"Villalba Municipio, PR"		
	"Yauco Municipio, PR"		
38860	"Portland-South Portland, ME"		
	"Cumberland County, ME"		
	"Sagadahoc County, ME"		
	"York County, ME"		
38900	"1Portland-Vancouver-Hillsboro, OR-WA"		
	"Clackamas County, OR"		
	"Columbia County, OR"		
	"Multnomah County, OR"		
	"Washington County, OR"		
	"Yamhill County, OR"		
	"Clark County, WA"		
	"Skamania County, WA"		
38940	"Port St. Lucie, FL"		
	"Martin County, FL"		
	"St. Lucie County, FL"		
39140	"Prescott, AZ"		
	"Yavapai County, AZ"		
39300	"1Providence-Warwick, RI-MA"		
	"Bristol County, MA"		
	"Bristol County, RI"		
	"Kent County, RI"		
	"Newport County, RI"		
	"Providence County, RI"		
	"Washington County, RI"		
39340	"Provo-Orem, UT"		
	"Juab County, UT"		
	"Utah County, UT"		
39380	"Pueblo, CO"		
	"Pueblo County, CO"		
39460	"Punta Gorda, FL"		
	"Charlotte County, FL"		
39540	"Racine, WI"		
	"Racine County, WI"		
39580	"1Raleigh, NC"		
	"Franklin County, NC"		
	"Johnston County, NC"		
	"Wake County, NC"		
39660	"Rapid City, SD"		
	"Custer County, SD"		
	"Meade County, SD"		
	"Pennington County, SD"		
39740	"Reading, PA"		
	"Berks County, PA"		
39820	"Redding, CA"		
	"Shasta County, CA"		
39900	"Reno, NV"		
	"Storey County, NV"		
	"Washoe County, NV"		
40060	"1Richmond, VA"		
	"Amelia County, VA"		
	"Caroline County, VA"		
	"Charles City County, VA"		
	"Chesterfield County, VA"		
	"Dinwiddie County, VA"		
	"Goochland County, VA"		
	"Hanover County, VA"		
	"Henrico County, VA"		
	"King William County, VA"		
	"New Kent County, VA"		
	"Powhatan County, VA"		
	"Prince George County, VA"		
	"Sussex County, VA"		
	"Colonial Heights City, VA"		
	"Hopewell City, VA"		
	"Petersburg City, VA"		
	"Richmond City, VA"		
40140	"1Riverside-San Bernardino-Ontario, CA"		
	"Riverside County, CA"		
	"San Bernardino County, CA"		
40220	"Roanoke, VA"		
	"Botetourt County, VA"		
	"Craig County, VA"		
	"Franklin County, VA"		
	"Roanoke County, VA"		
	"Roanoke City, VA"		
	"Salem City, VA"		
40340	"Rochester, MN"		
	"Dodge County, MN"		
	"Fillmore County, MN"		
	"Olmsted County, MN"		
	"Wabasha County, MN"		
40380	"1Rochester, NY"		
	"Livingston County, NY"		
	"Monroe County, NY"		
	"Ontario County, NY"		
	"Orleans County, NY"		
	"Wayne County, NY"		
	"Yates County, NY"		
40420	"Rockford, IL"		
	"Boone County, IL"		
	"Winnebago County, IL"		
40484	"Rockingham County-Strafford County, NH"		
	"Rockingham County, NH"		
	"Strafford County, NH"		
40580	"Rocky Mount, NC"		
	"Edgecombe County, NC"		
	"Nash County, NC"		
40660	"Rome, GA"		
	"Floyd County, GA"		
40900	"1Sacramento--Roseville--Arden-Arcade, CA"		
	"El Dorado County, CA"		
	"Placer County, CA"		
	"Sacramento County, CA"		
	"Yolo County, CA"		
40980	"Saginaw, MI"		
	"Saginaw County, MI"		
41060	"St. Cloud, MN"		
	"Benton County, MN"		
	"Stearns County, MN"		
41100	"St. George, UT"		
	"Washington County, UT"		
41140	"St. Joseph, MO-KS"		
	"Doniphan County, KS"		
	"Andrew County, MO"		
	"Buchanan County, MO"		
	"DeKalb County, MO"		
41180	"1St. Louis, MO-IL"		
	"Bond County, IL"		
	"Calhoun County, IL"		
	"Clinton County, IL"		
	"Jersey County, IL"		
	"Macoupin County, IL"		
	"Madison County, IL"		
	"Monroe County, IL"		
	"St. Clair County, IL"		
	"Franklin County, MO"		
	"Jefferson County, MO"		
	"Lincoln County, MO"		
	"St. Charles County, MO"		
	"St. Louis County, MO"		
	"Warren County, MO"		
	"St. Louis City, MO"		
41420	"Salem, OR"		
	"Marion County, OR"		
	"Polk County, OR"		
41500	"Salinas, CA"		
	"Monterey County, CA"		
41540	"Salisbury, MD-DE"		
	"Sussex County, DE"		
	"Somerset County, MD"		
	"Wicomico County, MD"		
	"Worcester County, MD"		
41620	"1Salt Lake City, UT"		
	"Salt Lake County, UT"		
	"Tooele County, UT"		
41660	"San Angelo, TX"		
	"Irion County, TX"		
	"Tom Green County, TX"		
41700	"1San Antonio-New Braunfels, TX"		
	"Atascosa County, TX"		
	"Bandera County, TX"		
	"Bexar County, TX"		
	"Comal County, TX"		
	"Guadalupe County, TX"		
	"Kendall County, TX"		
	"Medina County, TX"		
	"Wilson County, TX"		
41740	"1San Diego-Carlsbad, CA"		
	"San Diego County, CA"		
41884	"1San Francisco-Redwood City-South San Francisco, CA"		
	"San Francisco County, CA"		
	"San Mateo County, CA"		
41900	"San Germán, PR"		
	"Cabo Rojo Municipio, PR"		
	"Lajas Municipio, PR"		
	"Sabana Grande Municipio, PR"		
	"San Germán Municipio, PR"		
41940	"1San Jose-Sunnyvale-Santa Clara, CA"		
	"San Benito County, CA"		
	"Santa Clara County, CA"		
41980	"1San Juan-Carolina-Caguas, PR"		
	"Aguas Buenas Municipio, PR"		
	"Aibonito Municipio, PR"		
	"Barceloneta Municipio, PR"		
	"Barranquitas Municipio, PR"		
	"Bayamón Municipio, PR"		
	"Caguas Municipio, PR"		
	"Canóvanas Municipio, PR"		
	"Carolina Municipio, PR"		
	"Cataño Municipio, PR"		
	"Cayey Municipio, PR"		
	"Ceiba Municipio, PR"		
	"Ciales Municipio, PR"		
	"Cidra Municipio, PR"		
	"Comerío Municipio, PR"		
	"Corozal Municipio, PR"		
	"Dorado Municipio, PR"		
	"Fajardo Municipio, PR"		
	"Florida Municipio, PR"		
	"Guaynabo Municipio, PR"		
	"Gurabo Municipio, PR"		
	"Humacao Municipio, PR"		
	"Juncos Municipio, PR"		
	"Las Piedras Municipio, PR"		
	"Loíza Municipio, PR"		
	"Luquillo Municipio, PR"		
	"Manatí Municipio, PR"		
	"Maunabo Municipio, PR"		
	"Morovis Municipio, PR"		
	"Naguabo Municipio, PR"		
	"Naranjito Municipio, PR"		
	"Orocovis Municipio, PR"		
	"Río Grande Municipio, PR"		
	"San Juan Municipio, PR"		
	"San Lorenzo Municipio, PR"		
	"Toa Alta Municipio, PR"		
	"Toa Baja Municipio, PR"		
	"Trujillo Alto Municipio, PR"		
	"Vega Alta Municipio, PR"		
	"Vega Baja Municipio, PR"		
	"Yabucoa Municipio, PR"		
42020	"San Luis Obispo-Paso Robles-Arroyo Grande, CA"		
	"San Luis Obispo County, CA"		
42034	"San Rafael, CA"		
	"Marin County, CA"		
42100	"Santa Cruz-Watsonville, CA"		
	"Santa Cruz County, CA"		
42140	"Santa Fe, NM"		
	"Santa Fe County, NM"		
42200	"Santa Maria-Santa Barbara, CA"		
	"Santa Barbara County, CA"		
42220	"Santa Rosa, CA"		
	"Sonoma County, CA"		
42340	"Savannah, GA"		
	"Bryan County, GA"		
	"Chatham County, GA"		
	"Effingham County, GA"		
42540	"Scranton--Wilkes-Barre--Hazleton, PA"		
	"Lackawanna County, PA"		
	"Luzerne County, PA"		
	"Wyoming County, PA"		
42644	"1Seattle-Bellevue-Everett, WA"		
	"King County, WA"		
	"Snohomish County, WA"		
42680	"Sebastian-Vero Beach, FL"		
	"Indian River County, FL"		
42700	"Sebring, FL"		
	"Highlands County, FL"		
43100	"Sheboygan, WI"		
	"Sheboygan County, WI"		
43300	"Sherman-Denison, TX"		
	"Grayson County, TX"		
43340	"Shreveport-Bossier City, LA"		
	"Bossier Parish, LA"		
	"Caddo Parish, LA"		
	"De Soto Parish, LA"		
	"Webster Parish, LA"		
43420	"Sierra Vista-Douglas, AZ"		
	"Cochise County, AZ"		
43524	"1Silver Spring-Frederick-Rockville, MD"		
	"Frederick County, MD"		
	"Montgomery County, MD"		
43580	"Sioux City, IA-NE-SD"		
	"Plymouth County, IA"		
	"Woodbury County, IA"		
	"Dakota County, NE"		
	"Dixon County, NE"		
	"Union County, SD"		
43620	"Sioux Falls, SD"		
	"Lincoln County, SD"		
	"McCook County, SD"		
	"Minnehaha County, SD"		
	"Turner County, SD"		
43780	"South Bend-Mishawaka, IN-MI"		
	"St. Joseph County, IN"		
	"Cass County, MI"		
43900	"Spartanburg, SC"		
	"Spartanburg County, SC"		
	"Union County, SC"		
44060	"Spokane-Spokane Valley, WA"		
	"Pend Oreille County, WA"		
	"Spokane County, WA"		
	"Stevens County, WA"		
44100	"Springfield, IL"		
	"Menard County, IL"		
	"Sangamon County, IL"		
44140	"Springfield, MA"		
	"Hampden County, MA"		
	"Hampshire County, MA"		
44180	"Springfield, MO"		
	"Christian County, MO"		
	"Dallas County, MO"		
	"Greene County, MO"		
	"Polk County, MO"		
	"Webster County, MO"		
44220	"Springfield, OH"		
	"Clark County, OH"		
44300	"State College, PA"		
	"Centre County, PA"		
44420	"Staunton-Waynesboro, VA"		
	"Augusta County, VA"		
	"Staunton City, VA"		
	"Waynesboro City, VA"		
44700	"Stockton-Lodi, CA"		
	"San Joaquin County, CA"		
44940	"Sumter, SC"		
	"Sumter County, SC"		
45060	"Syracuse, NY"		
	"Madison County, NY"		
	"Onondaga County, NY"		
	"Oswego County, NY"		
45104	"Tacoma-Lakewood, WA"		
	"Pierce County, WA"		
45220	"Tallahassee, FL"		
	"Gadsden County, FL"		
	"Jefferson County, FL"		
	"Leon County, FL"		
	"Wakulla County, FL"		
45300	"1Tampa-St. Petersburg-Clearwater, FL"		
	"Hernando County, FL"		
	"Hillsborough County, FL"		
	"Pasco County, FL"		
	"Pinellas County, FL"		
45460	"Terre Haute, IN"		
	"Clay County, IN"		
	"Sullivan County, IN"		
	"Vermillion County, IN"		
	"Vigo County, IN"		
45500	"Texarkana, TX-AR"		
	"Little River County, AR"		
	"Miller County, AR"		
	"Bowie County, TX"		
45540	"The Villages, FL"		
	"Sumter County, FL"		
45780	"Toledo, OH"		
	"Fulton County, OH"		
	"Lucas County, OH"		
	"Wood County, OH"		
45820	"Topeka, KS"		
	"Jackson County, KS"		
	"Jefferson County, KS"		
	"Osage County, KS"		
	"Shawnee County, KS"		
	"Wabaunsee County, KS"		
45940	"Trenton, NJ"		
	"Mercer County, NJ"		
46060	"Tucson, AZ"		
	"Pima County, AZ"		
46140	"Tulsa, OK"		
	"Creek County, OK"		
	"Okmulgee County, OK"		
	"Osage County, OK"		
	"Pawnee County, OK"		
	"Rogers County, OK"		
	"Tulsa County, OK"		
	"Wagoner County, OK"		
46220	"Tuscaloosa, AL"		
	"Hale County, AL"		
	"Pickens County, AL"		
	"Tuscaloosa County, AL"		
46340	"Tyler, TX"		
	"Smith County, TX"		
46520	"Urban Honolulu, HI"		
	"Honolulu County, HI"		
46540	"Utica-Rome, NY"		
	"Herkimer County, NY"		
	"Oneida County, NY"		
46660	"Valdosta, GA"		
	"Brooks County, GA"		
	"Echols County, GA"		
	"Lanier County, GA"		
	"Lowndes County, GA"		
46700	"Vallejo-Fairfield, CA"		
	"Solano County, CA"		
47020	"Victoria, TX"		
	"Goliad County, TX"		
	"Victoria County, TX"		
47220	"Vineland-Bridgeton, NJ"		
	"Cumberland County, NJ"		
47260	"1Virginia Beach-Norfolk-Newport News, VA-NC"		
	"Currituck County, NC"		
	"Gates County, NC"		
	"Gloucester County, VA"		
	"Isle of Wight County, VA"		
	"James City County, VA"		
	"Mathews County, VA"		
	"York County, VA"		
	"Chesapeake City, VA"		
	"Hampton City, VA"		
	"Newport News City, VA"		
	"Norfolk City, VA"		
	"Poquoson City, VA"		
	"Portsmouth City, VA"		
	"Suffolk City, VA"		
	"Virginia Beach City, VA"		
	"Williamsburg City, VA"		
47300	"Visalia-Porterville, CA"		
	"Tulare County, CA"		
47380	"Waco, TX"		
	"Falls County, TX"		
	"McLennan County, TX"		
47460	"Walla Walla, WA"		
	"Columbia County, WA"		
	"Walla Walla County, WA"		
47580	"Warner Robins, GA"		
	"Houston County, GA"		
	"Peach County, GA"		
	"Pulaski County, GA"		
47664	"1Warren-Troy-Farmington Hills, MI"		
	"Lapeer County, MI"		
	"Livingston County, MI"		
	"Macomb County, MI"		
	"Oakland County, MI"		
	"St. Clair County, MI"		
47894	"1Washington-Arlington-Alexandria, DC-VA-MD-WV"		
	"District of Columbia, DC"		
	"Calvert County, MD"		
	"Charles County, MD"		
	"Prince George's County, MD"		
	"Arlington County, VA"		
	"Clarke County, VA"		
	"Culpeper County, VA"		
	"Fairfax County, VA"		
	"Fauquier County, VA"		
	"Loudoun County, VA"		
	"Prince William County, VA"		
	"Rappahannock County, VA"		
	"Spotsylvania County, VA"		
	"Stafford County, VA"		
	"Warren County, VA"		
	"Alexandria City, VA"		
	"Fairfax City, VA"		
	"Falls Church City, VA"		
	"Fredericksburg City, VA"		
	"Manassas City, VA"		
	"Manassas Park City, VA"		
	"Jefferson County, WV"		
47940	"Waterloo-Cedar Falls, IA"		
	"Black Hawk County, IA"		
	"Bremer County, IA"		
	"Grundy County, IA"		
48060	"Watertown-Fort Drum, NY"		
	"Jefferson County, NY"		
48140	"Wausau, WI"		
	"Marathon County, WI"		
48260	"Weirton-Steubenville, WV-OH"		
	"Jefferson County, OH"		
	"Brooke County, WV"		
	"Hancock County, WV"		
48300	"Wenatchee, WA"		
	"Chelan County, WA"		
	"Douglas County, WA"		
48424	"1West Palm Beach-Boca Raton-Delray Beach, FL"		
	"Palm Beach County, FL"		
48540	"Wheeling, WV-OH"		
	"Belmont County, OH"		
	"Marshall County, WV"		
	"Ohio County, WV"		
48620	"Wichita, KS"		
	"Butler County, KS"		
	"Harvey County, KS"		
	"Kingman County, KS"		
	"Sedgwick County, KS"		
	"Sumner County, KS"		
48660	"Wichita Falls, TX"		
	"Archer County, TX"		
	"Clay County, TX"		
	"Wichita County, TX"		
48700	"Williamsport, PA"		
	"Lycoming County, PA"		
48864	"Wilmington, DE-MD-NJ"		
	"New Castle County, DE"		
	"Cecil County, MD"		
	"Salem County, NJ"		
48900	"Wilmington, NC"		
	"New Hanover County, NC"		
	"Pender County, NC"		
49020	"Winchester, VA-WV"		
	"Frederick County, VA"		
	"Winchester City, VA"		
	"Hampshire County, WV"		
49180	"Winston-Salem, NC"		
	"Davidson County, NC"		
	"Davie County, NC"		
	"Forsyth County, NC"		
	"Stokes County, NC"		
	"Yadkin County, NC"		
49340	"Worcester, MA-CT"		
	"Windham County, CT"		
	"Worcester County, MA"		
49420	"Yakima, WA"		
	"Yakima County, WA"		
49620	"York-Hanover, PA"		
	"York County, PA"		
49660	"Youngstown-Warren-Boardman, OH-PA"		
	"Mahoning County, OH"		
	"Trumbull County, OH"		
	"Mercer County, PA"		
49700	"Yuba City, CA"		
	"Sutter County, CA"		
	"Yuba County, CA"		
49740	"Yuma, AZ"		
	"Yuma County, AZ"		
			
1 Large urban area.			
